deidentified_id,deidentified_sample,Total Cells,FOXP3 (Opal 620) Positive Cells,CD3 (Opal 570) Positive Cells,CD8 (Opal 520) Positive Cells,PD1 (Opal 650) Positive Cells,PDL1 (Opal 540) Positive Cells,CD3+ FOXP3+ Cells,CD3+ CD8+ Cells,CD3+ CD8+ FOXP3+ Cells,CD3+ PD1+ Cells,CD3+ PD-L1+ Cells,CD8+ PD1+ Cells,CD3+ CD8+ PD-L1+ Cells,% FOXP3 (Opal 620) Positive Cells,% CD3 (Opal 570) Positive Cells,% CD8 (Opal 520) Positive Cells,% PD1 (Opal 650) Positive Cells,% PDL1 (Opal 540) Positive Cells,% CD3+ FOXP3+ Positive Cells,% CD3+ CD8+ Positive Cells,% CD3+ CD8+ FOXP3+ Positive Cells,% CD3+ PD1+ Positive Cells,% CD3+ PD-L1+ Positive Cells,% CD8+ PD1+ Positive Cells,% CD3+ CD8+ PD-L1+ Positive Cells,,Area Analyzed (m),Area Analyzed (mm)
718,"TMA1_[3,B].tif",3803,3,17,7,0,1,3,3,0,0,0,0,0,0.078885,0.447016,0.184065,0,0.026295,0.078885,0.078885,0,0,0,0,0,0.894031,903221.75,0.90322175
667,"TMA2_[3,B].tif",3008,3,21,12,0,0,3,7,0,0,0,0,0,0.099734,0.698138,0.398936,0,0,0.099734,0.232713,0,0,0,0,0,1.529255,890083.5625,0.890083563
147,"TMA3_[7,B].tif",1850,23,65,6,0,0,14,4,0,0,0,0,0,1.243243,3.513514,0.324324,0,0,0.756757,0.216216,0,0,0,0,0,6.054054,341915.875,0.341915875
713,"TMA3_[8,U].tif",2318,42,343,108,4,0,34,87,3,3,0,2,0,1.811907,14.797239,4.659189,0.172563,0,1.466782,3.753236,0.129422,0.129422,0,0.086281,0,27.006041,373196.8438,0.373196844
163,"TMA3_[9,K].tif",1803,34,536,83,5,1,34,68,4,5,1,0,0,1.885746,29.728231,4.603439,0.277316,0.055463,1.885746,3.771492,0.221852,0.277316,0.055463,0,0,42.762064,348668.0313,0.348668031